ip,country,region,city,org,isp,asn,lat,lon,reverse,mobile,proxy,hosting,query
10.0.0.227,,,,,,,,,,,,,10.0.0.227
104.16.154.36,Canada,Ontario,Toronto,"Cloudflare, Inc.","Cloudflare, Inc.","AS13335 Cloudflare, Inc.",43.6532,-79.3832,,False,False,True,104.16.154.36
145.14.144.10,United States,Ohio,Cleveland,Hostinger International Ltd.,AWEX-CLOUD-000WEBHOST,,41.4993,-81.6944,,False,False,False,145.14.144.10
255.255.255.255,,,,,,,,,,,,,255.255.255.255
224.0.0.252,,,,,,,,,,,,,224.0.0.252
145.14.145.99,United States,District of Columbia,Washington,Hostinger International Ltd.,AWEX-CLOUD-000WEBHOST,,38.9072,-77.0369,,False,True,False,145.14.145.99
10.0.0.10,,,,,,,,,,,,,10.0.0.10
224.0.0.22,,,,,,,,,,,,,224.0.0.22
204.2.193.137,United States,California,Baldwin Park,NTT America,"NTT America, Inc.","AS2914 NTT America, Inc.",34.0862,-117.9641,,False,False,False,204.2.193.137
10.0.0.255,,,,,,,,,,,,,10.0.0.255
239.255.255.250,,,,,,,,,,,,,239.255.255.250
145.14.145.4,United States,District of Columbia,Washington,Hostinger International Ltd.,AWEX-CLOUD-000WEBHOST,,38.9072,-77.0369,,False,False,False,145.14.145.4
